name,urdu_name,category,wikipedia_url
Date Palm,کھجور,Palm,https://en.wikipedia.org/wiki/Date_palm
Coconut Palm,ناریل,Palm,https://en.wikipedia.org/wiki/Coconut
Bottle Palm,بوتل پام,Palm,https://en.wikipedia.org/wiki/Beccariophoenix
Fan Palm,پنکھا پام,Palm,https://en.wikipedia.org/wiki/Trachycarpus_fortunei
Areca Palm,اریکا پام,Palm,https://en.wikipedia.org/wiki/Dypsis_lutescens
Sago Palm,ساگو پام,Palm,https://en.wikipedia.org/wiki/Cycas_revoluta
Fishtail Palm,مچھلی دم پام,Palm,https://en.wikipedia.org/wiki/Caryota
Royal Palm,شاہی پام,Palm,https://en.wikipedia.org/wiki/Roystonea_regia
Washingtonia Palm,واشنگٹنیا پام,Palm,https://en.wikipedia.org/wiki/Washingtonia
Pygmy Date Palm,بونا کھجور,Palm,https://en.wikipedia.org/wiki/Phoenix_roebelenii
Chinese Fan Palm,چینی پنکھا پام,Palm,https://en.wikipedia.org/wiki/Livistona_chinensis
Lady Palm,لیڈی پام,Palm,https://en.wikipedia.org/wiki/Rhapis_excelsa
Kentia Palm,کینٹیا پام,Palm,https://en.wikipedia.org/wiki/Howea_forsteriana
Alexander Palm,الیکزنڈر پام,Palm,https://en.wikipedia.org/wiki/Archontophoenix_alexandrae
Foxtail Palm,فوکس ٹیل پام,Palm,https://en.wikipedia.org/wiki/Wodyetia_bifurcata
Cabbage Palm,گوبھی پام,Palm,https://en.wikipedia.org/wiki/Livistona_australis
Spindle Palm,سپنڈل پام,Palm,https://en.wikipedia.org/wiki/Hyophorbe_verschaffeltii
Triangle Palm,مثلث پام,Palm,https://en.wikipedia.org/wiki/Dypsis_decaryi
Ruffled Fan Palm,رفلڈ پنکھا پام,Palm,https://en.wikipedia.org/wiki/Licuala_grandis
Macarthur Palm,میک آرتھر پام,Palm,https://en.wikipedia.org/wiki/Ptychosperma_macarthurii
Ficus Benjamina,فیکس بینجمن,Ficus,https://en.wikipedia.org/wiki/Ficus_benjamina
Ficus Elastica,ربڑ کا درخت,Ficus,https://en.wikipedia.org/wiki/Ficus_elastica
Sacred Fig,پیپل,Ficus,https://en.wikipedia.org/wiki/Ficus_religiosa
Banyan Tree,برگد,Ficus,https://en.wikipedia.org/wiki/Banyan
Ficus Lyrata,ڈھول کا پتہ فیکس,Ficus,https://en.wikipedia.org/wiki/Ficus_lyrata
Weeping Fig,رونے والا فیکس,Ficus,https://en.wikipedia.org/wiki/Ficus_benjamina
Ficus Microcarpa,چائنیز بانیان,Ficus,https://en.wikipedia.org/wiki/Ficus_microcarpa
Ficus Altissima,ہائی فیکس,Ficus,https://en.wikipedia.org/wiki/Ficus_altissima
Ficus Racemosa,گولر,Ficus,https://en.wikipedia.org/wiki/Ficus_racemosa
Ficus Carica,انجیر,Ficus,https://en.wikipedia.org/wiki/Common_fig
Ficus Benghalensis,برگد,Ficus,https://en.wikipedia.org/wiki/Ficus_benghalensis
Ficus Auriculata,تیمبل,Ficus,https://en.wikipedia.org/wiki/Ficus_auriculata
Ficus Palmata,انجیر جنگلی,Ficus,https://en.wikipedia.org/wiki/Ficus_palmata
Ficus Rumphii,پھگواڑا,Ficus,https://en.wikipedia.org/wiki/Ficus_rumphii
Ficus Virens,پاکڑ,Ficus,https://en.wikipedia.org/wiki/Ficus_virens
Ficus Hispida,کٹھ میٹھا,Ficus,https://en.wikipedia.org/wiki/Ficus_hispida
Ficus Tinctoria,چھوٹا برگد,Ficus,https://en.wikipedia.org/wiki/Ficus_tinctoria
Ficus Variegata,رنگ برنگے فیکس,Ficus,https://en.wikipedia.org/wiki/Ficus_variegata
Ficus Retusa,انڈین لورل فیکس,Ficus,https://en.wikipedia.org/wiki/Ficus_retusa
Ficus Nitida,شینگل فیکس,Ficus,https://en.wikipedia.org/wiki/Ficus_nitida
Mango,آم,Fruit,https://en.wikipedia.org/wiki/Mango
Citrus,مالٹا,Fruit,https://en.wikipedia.org/wiki/Citrus
Guava,امرود,Fruit,https://en.wikipedia.org/wiki/Guava
Pomegranate,انار,Fruit,https://en.wikipedia.org/wiki/Pomegranate
Lychee,لیچی,Fruit,https://en.wikipedia.org/wiki/Lychee
Sapodilla,چیکو,Fruit,https://en.wikipedia.org/wiki/Manilkara_zapota
Jamun,جامن,Fruit,https://en.wikipedia.org/wiki/Syzygium_cumini
Papaya,پپیتا,Fruit,https://en.wikipedia.org/wiki/Papaya
Banana,کیلا,Fruit,https://en.wikipedia.org/wiki/Banana
Chikoo,چیکو,Fruit,https://en.wikipedia.org/wiki/Manilkara_zapota
Ber,بیر,Fruit,https://en.wikipedia.org/wiki/Ziziphus_mauritiana
Phalsa,فالسہ,Fruit,https://en.wikipedia.org/wiki/Grewia_asiatica
Mulberry,شہتوت,Fruit,https://en.wikipedia.org/wiki/Mulberry
Fig,انجیر,Fruit,https://en.wikipedia.org/wiki/Common_fig
Grapefruit,چکوترا,Fruit,https://en.wikipedia.org/wiki/Grapefruit
Lemon,لیموں,Fruit,https://en.wikipedia.org/wiki/Lemon
Orange,سنترہ,Fruit,https://en.wikipedia.org/wiki/Orange_(fruit)
Kinnow,کنو,Fruit,https://en.wikipedia.org/wiki/Kinnow
Tangerine,کینو,Fruit,https://en.wikipedia.org/wiki/Tangerine
Lime,لیموں سبز,Fruit,https://en.wikipedia.org/wiki/Lime_(fruit)
Grape,انگور,Fruit,https://en.wikipedia.org/wiki/Grape
Pomegranate Dwarf,بونا انار,Fruit,https://en.wikipedia.org/wiki/Pomegranate
Date Palm Fruit,کھجور,Fruit,https://en.wikipedia.org/wiki/Date_palm
Olive,زیتون,Fruit,https://en.wikipedia.org/wiki/Olive
Peach,آڑو,Fruit,https://en.wikipedia.org/wiki/Peach
Apricot,خوبانی,Fruit,https://en.wikipedia.org/wiki/Apricot
Plum,آلوبخارا,Fruit,https://en.wikipedia.org/wiki/Plum
Apple,سیب,Fruit,https://en.wikipedia.org/wiki/Apple
Pear,ناشپاتی,Fruit,https://en.wikipedia.org/wiki/Pear
Quince,بہی,Fruit,https://en.wikipedia.org/wiki/Quince
Persimmon,املوک,Fruit,https://en.wikipedia.org/wiki/Persimmon
Strawberry Guava,فراولی امرود,Fruit,https://en.wikipedia.org/wiki/Psidium_cattleianum
Custard Apple,شریفہ,Fruit,https://en.wikipedia.org/wiki/Annona_squamosa
Wood Apple,بیل,Fruit,https://en.wikipedia.org/wiki/Limonia_acidissima
Karonda,کروندا,Fruit,https://en.wikipedia.org/wiki/Carissa_carandas
Carambola,امروڈ,Fruit,https://en.wikipedia.org/wiki/Carambola
Dragon Fruit,ڈریگن فروٹ,Fruit,https://en.wikipedia.org/wiki/Pitaya
Pineapple,انناس,Fruit,https://en.wikipedia.org/wiki/Pineapple
Avocado,مگر ناشپاتی,Fruit,https://en.wikipedia.org/wiki/Avocado
Loquat,لوکاٹ,Fruit,https://en.wikipedia.org/wiki/Loquat
Jujube,بیر,Fruit,https://en.wikipedia.org/wiki/Jujube
Tamarind,املی,Fruit,https://en.wikipedia.org/wiki/Tamarind
Amla,آملہ,Fruit,https://en.wikipedia.org/wiki/Phyllanthus_emblica
Bael,بیل,Fruit,https://en.wikipedia.org/wiki/Aegle_marmelos
Water Apple,جامن آبی,Fruit,https://en.wikipedia.org/wiki/Syzygium_aqueum
Rose Apple,جامن گلاب,Fruit,https://en.wikipedia.org/wiki/Syzygium_jambos
Star Fruit,ستارہ پھل,Fruit,https://en.wikipedia.org/wiki/Carambola
Soursop,شریفہ کانٹے دار,Fruit,https://en.wikipedia.org/wiki/Soursop
Rambutan,رمبوتان,Fruit,https://en.wikipedia.org/wiki/Rambutan
Mangosteen,منگوسٹین,Fruit,https://en.wikipedia.org/wiki/Purple_mangosteen
Jackfruit,کٹھل,Fruit,https://en.wikipedia.org/wiki/Jackfruit
Breadfruit,روٹی پھل,Fruit,https://en.wikipedia.org/wiki/Breadfruit
Coconut,ناریل,Fruit,https://en.wikipedia.org/wiki/Coconut
Pomelo,چکوترا,Fruit,https://en.wikipedia.org/wiki/Pomelo
Kumquat,کمکواٹ,Fruit,https://en.wikipedia.org/wiki/Kumquat
Calamondin,کالامونڈن,Fruit,https://en.wikipedia.org/wiki/Calamondin
Passion Fruit,پشن فروٹ,Fruit,https://en.wikipedia.org/wiki/Passion_fruit
Kiwi,کیوی,Fruit,https://en.wikipedia.org/wiki/Kiwifruit
Pomegranate Sweet,میٹھا انار,Fruit,https://en.wikipedia.org/wiki/Pomegranate
Gulmohar,گل موہر,Flowering Tree,https://en.wikipedia.org/wiki/Delonix_regia
Amaltas,املتاس,Flowering Tree,https://en.wikipedia.org/wiki/Cassia_fistula
Jacaranda,جیکارنڈا,Flowering Tree,https://en.wikipedia.org/wiki/Jacaranda
Bottlebrush,بوتل برش,Flowering Tree,https://en.wikipedia.org/wiki/Callistemon
Tabebuia,ٹیبیوبیا,Flowering Tree,https://en.wikipedia.org/wiki/Tabebuia
Silk Tree,ریشمی درخت,Flowering Tree,https://en.wikipedia.org/wiki/Albizia_julibrissin
Coral Tree,مرجان درخت,Flowering Tree,https://en.wikipedia.org/wiki/Erythrina
Flame of the Forest,جنگل کی آگ,Flowering Tree,https://en.wikipedia.org/wiki/Butea_monosperma
Pride of India,ہندوستان کا فخر,Flowering Tree,https://en.wikipedia.org/wiki/Lagerstroemia_speciosa
Queen Crape Myrtle,شاہی کریپ مِرٹل,Flowering Tree,https://en.wikipedia.org/wiki/Lagerstroemia_speciosa
Champa,چمپا,Flowering Tree,https://en.wikipedia.org/wiki/Magnolia_champaca
Frangipani,فرانجیپانی,Flowering Tree,https://en.wikipedia.org/wiki/Plumeria
Oleander,کنیر,Flowering Tree,https://en.wikipedia.org/wiki/Nerium_oleander
Bougainvillea,بوگن ویلیا,Flowering Tree,https://en.wikipedia.org/wiki/Bougainvillea
Hibiscus,گڑھل,Flowering Tree,https://en.wikipedia.org/wiki/Hibiscus
Gardenia,گینڈھا,Flowering Tree,https://en.wikipedia.org/wiki/Gardenia_jasminoides
Jasmine,چمبیلی,Flowering Tree,https://en.wikipedia.org/wiki/Jasmine
Night Jasmine,رات کی چمبیلی,Flowering Tree,https://en.wikipedia.org/wiki/Nyctanthes_arbor-tristis
Golden Shower,سنہری بارش,Flowering Tree,https://en.wikipedia.org/wiki/Cassia_fistula
Indian Laburnum,ہندوستانی لیبرنم,Flowering Tree,https://en.wikipedia.org/wiki/Cassia_fistula
Rain Tree,بارش کا درخت,Flowering Tree,https://en.wikipedia.org/wiki/Samanea_saman
Cannonball Tree,گولہ درخت,Flowering Tree,https://en.wikipedia.org/wiki/Couroupita_guianensis
Flame Tree,شعلہ درخت,Flowering Tree,https://en.wikipedia.org/wiki/Brachychiton_acerifolius
Tulip Tree,ٹیولپ درخت,Flowering Tree,https://en.wikipedia.org/wiki/Spathodea_campanulata
African Tulip,افریقی ٹیولپ,Flowering Tree,https://en.wikipedia.org/wiki/Spathodea_campanulata
Royal Poinciana,شاہی پوئنسیانا,Flowering Tree,https://en.wikipedia.org/wiki/Delonix_regia
Pink Trumpet,گلاب نما ترمپٹ,Flowering Tree,https://en.wikipedia.org/wiki/Tabebuia_rosea
Yellow Poinciana,پیلا پوئنسیانا,Flowering Tree,https://en.wikipedia.org/wiki/Peltophorum_pterocarpum
Copper Pod,تانبے کا پھل,Flowering Tree,https://en.wikipedia.org/wiki/Peltophorum_pterocarpum
Kachnar,کچنار,Flowering Tree,https://en.wikipedia.org/wiki/Bauhinia_variegata
Orchid Tree,آرکڈ درخت,Flowering Tree,https://en.wikipedia.org/wiki/Bauhinia_variegata
White Kachnar,سفید کچنار,Flowering Tree,https://en.wikipedia.org/wiki/Bauhinia_variegata
Red Kachnar,سرخ کچنار,Flowering Tree,https://en.wikipedia.org/wiki/Bauhinia_purpurea
Mountain Ebony,پہاڑی ایبونی,Flowering Tree,https://en.wikipedia.org/wiki/Bauhinia_variegata
Crape Jasmine,کریپ چمبیلی,Flowering Tree,https://en.wikipedia.org/wiki/Tabernaemontana_divaricata
Chandni,چاندنی,Flowering Tree,https://en.wikipedia.org/wiki/Tabernaemontana_divaricata
Ixora,رکٹا,Flowering Tree,https://en.wikipedia.org/wiki/Ixora
Lantana,لانٹانا,Flowering Tree,https://en.wikipedia.org/wiki/Lantana_camara
Tecoma,ٹیکوما,Flowering Tree,https://en.wikipedia.org/wiki/Tecoma_stans
Yellow Bells,پیلی گھنٹیاں,Flowering Tree,https://en.wikipedia.org/wiki/Tecoma_stans
Trumpet Vine,ترمپٹ بیل,Flowering Tree,https://en.wikipedia.org/wiki/Campsis_radicans
Rangoon Creeper,رنگون بیل,Flowering Tree,https://en.wikipedia.org/wiki/Combretum_indicum
Madhumalti,مدھوملتی,Flowering Tree,https://en.wikipedia.org/wiki/Combretum_indicum
Allamanda,الامانڈا,Flowering Tree,https://en.wikipedia.org/wiki/Allamanda
Golden Trumpet,سنہری ترمپٹ,Flowering Tree,https://en.wikipedia.org/wiki/Allamanda_cathartica
Crown of Thorns,کانٹوں کا تاج,Flowering Tree,https://en.wikipedia.org/wiki/Euphorbia_milii
Desert Rose,صحرائی گلاب,Flowering Tree,https://en.wikipedia.org/wiki/Adenium_obesum
Adenium,ایڈینیم,Flowering Tree,https://en.wikipedia.org/wiki/Adenium_obesum
Zinnia,زینیا,Ground Cover,https://en.wikipedia.org/wiki/Zinnia
Marigold,گیندہ,Ground Cover,https://en.wikipedia.org/wiki/Tagetes
Petunia,پیٹونیا,Ground Cover,https://en.wikipedia.org/wiki/Petunia
Vinca,ونکا,Ground Cover,https://en.wikipedia.org/wiki/Catharanthus_roseus
Gazania,گزانیا,Ground Cover,https://en.wikipedia.org/wiki/Gazania
Portulaca,گولہ پھول,Ground Cover,https://en.wikipedia.org/wiki/Portulaca_grandiflora
Dianthus,ڈائینتھس,Ground Cover,https://en.wikipedia.org/wiki/Dianthus
Verbena,وربینا,Ground Cover,https://en.wikipedia.org/wiki/Verbena
Alyssum,الیسم,Ground Cover,https://en.wikipedia.org/wiki/Lobularia_maritima
Sweet Alyssum,میٹھا الیسم,Ground Cover,https://en.wikipedia.org/wiki/Lobularia_maritima
Ice Plant,برف پودا,Ground Cover,https://en.wikipedia.org/wiki/Delosperma
Sedum,سیڈم,Ground Cover,https://en.wikipedia.org/wiki/Sedum
Creeping Thyme,رینگنے والا تھائم,Ground Cover,https://en.wikipedia.org/wiki/Thymus_serpyllum
Creeping Jenny,رینگنے والی جینی,Ground Cover,https://en.wikipedia.org/wiki/Lysimachia_nummularia
Bugleweed,بوگل وِڈ,Ground Cover,https://en.wikipedia.org/wiki/Ajuga_reptans
Periwinkle,سدا بہار,Ground Cover,https://en.wikipedia.org/wiki/Vinca_minor
Mondo Grass,منڈو گھاس,Ground Cover,https://en.wikipedia.org/wiki/Ophiopogon_japonicus
Liriope,لیریوپ,Ground Cover,https://en.wikipedia.org/wiki/Liriope_spicata
Pachysandra,پچی سانڈرا,Ground Cover,https://en.wikipedia.org/wiki/Pachysandra_terminalis
Sweet Woodruff,میٹھی لکڑی,Ground Cover,https://en.wikipedia.org/wiki/Galium_odoratum
Lamb's Ear,بھیڑ کان,Ground Cover,https://en.wikipedia.org/wiki/Stachys_byzantina
Corsican Mint,کورسیکن پودینہ,Ground Cover,https://en.wikipedia.org/wiki/Mentha_requienii
Irish Moss,آئرش موس,Ground Cover,https://en.wikipedia.org/wiki/Sagina_subulata
Blue Star Creeper,بلیو اسٹار بیل,Ground Cover,https://en.wikipedia.org/wiki/Isotoma_fluviatalis
Phlox Subulata,فلکس سبولاٹا,Ground Cover,https://en.wikipedia.org/wiki/Phlox_subulata
Dichondra,ڈائیکونڈرا,Ground Cover,https://en.wikipedia.org/wiki/Dichondra_repens
Frogfruit,مینڈک پھل,Ground Cover,https://en.wikipedia.org/wiki/Phyla_nodiflora
Carpet Bugle,قالین بوگل,Ground Cover,https://en.wikipedia.org/wiki/Ajuga_reptans
Stonecrop,پتھر کٹ,Ground Cover,https://en.wikipedia.org/wiki/Sedum
Angelina Sedum,انجلینا سیڈم,Ground Cover,https://en.wikipedia.org/wiki/Sedum_rupestre
Dragon's Blood Sedum,ڈریگن بلڈ سیڈم,Ground Cover,https://en.wikipedia.org/wiki/Sedum_spurium
Hens and Chicks,مرغی اور بچے,Ground Cover,https://en.wikipedia.org/wiki/Sempervivum
Creeping Phlox,رینگنے والا فلکس,Ground Cover,https://en.wikipedia.org/wiki/Phlox_subulata
Blue Fescue,نیلی فیسکیو,Ground Cover,https://en.wikipedia.org/wiki/Festuca_glauca
Fountain Grass,فوارہ گھاس,Ground Cover,https://en.wikipedia.org/wiki/Pennisetum_setaceum
Mexican Feather Grass,میکسیکن پر گھاس,Ground Cover,https://en.wikipedia.org/wiki/Nassella_tenuissima
Japanese Forest Grass,جاپانی جنگل گھاس,Ground Cover,https://en.wikipedia.org/wiki/Hakonechloa_macra
Black Mondo Grass,کالا منڈو گھاس,Ground Cover,https://en.wikipedia.org/wiki/Ophiopogon_planiscapus
Dwarf Mondo,بونا منڈو,Ground Cover,https://en.wikipedia.org/wiki/Ophiopogon_japonicus
Asian Jasmine,ایشیائی چمبیلی,Ground Cover,https://en.wikipedia.org/wiki/Trachelospermum_asiaticum
Wedelia,ویڈیلیا,Ground Cover,https://en.wikipedia.org/wiki/Sphagneticola_calendulacea
Sunshine Mimosa,دھوپ میموزا,Ground Cover,https://en.wikipedia.org/wiki/Mimosa_strigillosa
Lippia,لیپیا,Ground Cover,https://en.wikipedia.org/wiki/Phyla_nodiflora
Creeping Fig,رینگنے والا فیکس,Ground Cover,https://en.wikipedia.org/wiki/Ficus_pumila
English Ivy,انگریزی آئیوی,Ground Cover,https://en.wikipedia.org/wiki/Hedera_helix
Japanese Spurge,جاپانی سپرج,Ground Cover,https://en.wikipedia.org/wiki/Pachysandra_terminalis
Bishop's Weed,بشپ کا گھاس,Ground Cover,https://en.wikipedia.org/wiki/Aegopodium_podagraria
Snow in Summer,گرمی میں برف,Ground Cover,https://en.wikipedia.org/wiki/Cerastium_tomentosum
Woolly Yarrow,اون والا یارو,Ground Cover,https://en.wikipedia.org/wiki/Achillea_tomentosa
Golden Creeping Jenny,سنہری رینگنے والی جینی,Ground Cover,https://en.wikipedia.org/wiki/Lysimachia_nummularia
Boxwood,باکس وڈ,Border Plants,https://en.wikipedia.org/wiki/Buxus
Dwarf Boxwood,بونا باکس وڈ,Border Plants,https://en.wikipedia.org/wiki/Buxus_sempervirens
Lavender,لیونڈر,Border Plants,https://en.wikipedia.org/wiki/Lavandula
Dwarf Lavender,بونا لیونڈر,Border Plants,https://en.wikipedia.org/wiki/Lavandula_angustifolia
Santolina,سانٹولینا,Border Plants,https://en.wikipedia.org/wiki/Santolina_chamaecyparissus
Germander,جرمینڈر,Border Plants,https://en.wikipedia.org/wiki/Teucrium_chamaedrys
Dwarf Yaupon,بونا یاپون,Border Plants,https://en.wikipedia.org/wiki/Ilex_vomitoria
Dwarf Nandina,بونا نینڈینا,Border Plants,https://en.wikipedia.org/wiki/Nandina_domestica
Heavenly Bamboo,آسمانی بانس,Border Plants,https://en.wikipedia.org/wiki/Nandina_domestica
Barberry,باربیری,Border Plants,https://en.wikipedia.org/wiki/Berberis
Japanese Barberry,جاپانی باربیری,Border Plants,https://en.wikipedia.org/wiki/Berberis_thunbergii
Spiraea,سپائریا,Border Plants,https://en.wikipedia.org/wiki/Spiraea
Bridal Wreath Spiraea,دولہا ہار سپائریا,Border Plants,https://en.wikipedia.org/wiki/Spiraea_prunifolia
Dwarf Spiraea,بونا سپائریا,Border Plants,https://en.wikipedia.org/wiki/Spiraea_japonica
Loropetalum,لوروپیٹلم,Border Plants,https://en.wikipedia.org/wiki/Loropetalum_chinense
Dwarf Loropetalum,بونا لوروپیٹلم,Border Plants,https://en.wikipedia.org/wiki/Loropetalum_chinense
Abelia,ابیلیا,Border Plants,https://en.wikipedia.org/wiki/Abelia
Glossy Abelia,چمکدار ابیلیا,Border Plants,https://en.wikipedia.org/wiki/Abelia_x_grandiflora
Dwarf Abelia,بونا ابیلیا,Border Plants,https://en.wikipedia.org/wiki/Abelia_grandiflora
Viburnum,وائبرنم,Border Plants,https://en.wikipedia.org/wiki/Viburnum
Dwarf Viburnum,بونا وائبرنم,Border Plants,https://en.wikipedia.org/wiki/Viburnum_opulus
Juniper,جونیپر,Border Plants,https://en.wikipedia.org/wiki/Juniperus
Dwarf Juniper,بونا جونیپر,Border Plants,https://en.wikipedia.org/wiki/Juniperus_communis
Creeping Juniper,رینگنے والا جونیپر,Border Plants,https://en.wikipedia.org/wiki/Juniperus_horizontalis
Yew,یو,Border Plants,https://en.wikipedia.org/wiki/Taxus_baccata
Dwarf Yew,بونا یو,Border Plants,https://en.wikipedia.org/wiki/Taxus_baccata
Cotoneaster,کوٹونسٹر,Border Plants,https://en.wikipedia.org/wiki/Cotoneaster
Dwarf Cotoneaster,بونا کوٹونسٹر,Border Plants,https://en.wikipedia.org/wiki/Cotoneaster_horizontalis
Heather,ہیتھر,Border Plants,https://en.wikipedia.org/wiki/Calluna
Dwarf Heather,بونا ہیتھر,Border Plants,https://en.wikipedia.org/wiki/Calluna_vulgaris
Candytuft,کینڈی ٹفٹ,Border Plants,https://en.wikipedia.org/wiki/Iberis_sempervirens
Dwarf Candytuft,بونا کینڈی ٹفٹ,Border Plants,https://en.wikipedia.org/wiki/Iberis_sempervirens
Alyssum Border,الیسم بارڈر,Border Plants,https://en.wikipedia.org/wiki/Aurinia_saxatilis
Basket of Gold,سونے کی ٹوکری,Border Plants,https://en.wikipedia.org/wiki/Aurinia_saxatilis
Dusty Miller,دھول ملر,Border Plants,https://en.wikipedia.org/wiki/Senecio_cineraria
Silver Dust,چاندی کی دھول,Border Plants,https://en.wikipedia.org/wiki/Senecio_cineraria
Coleus,کولیس,Border Plants,https://en.wikipedia.org/wiki/Plectranthus_scutellarioides
Dwarf Coleus,بونا کولیس,Border Plants,https://en.wikipedia.org/wiki/Plectranthus_scutellarioides
Alternanthera,الٹرنانتھیرا,Border Plants,https://en.wikipedia.org/wiki/Alternanthera
Joseph's Coat,یوسف کا کوٹ,Border Plants,https://en.wikipedia.org/wiki/Alternanthera_ficoidea
Dwarf Alternanthera,بونا الٹرنانتھیرا,Border Plants,https://en.wikipedia.org/wiki/Alternanthera_ficoidea
Sweet Potato Vine,شکر قندی بیل,Border Plants,https://en.wikipedia.org/wiki/Ipomoea_batatas
Dwarf Sweet Potato,بونا شکر قندی,Border Plants,https://en.wikipedia.org/wiki/Ipomoea_batatas
Caladium,کالڈیم,Border Plants,https://en.wikipedia.org/wiki/Caladium
Dwarf Caladium,بونا کالڈیم,Border Plants,https://en.wikipedia.org/wiki/Caladium_bicolor
Hosta,ہوسٹا,Border Plants,https://en.wikipedia.org/wiki/Hosta
Dwarf Hosta,بونا ہوسٹا,Border Plants,https://en.wikipedia.org/wiki/Hosta_ventricosa
Coral Bells,مرجان گھنٹیاں,Border Plants,https://en.wikipedia.org/wiki/Heuchera
Dwarf Coral Bells,بونا مرجان گھنٹیاں,Border Plants,https://en.wikipedia.org/wiki/Heuchera_sanguinea
Fountain Grass Dwarf,بونا فوارہ گھاس,Border Plants,https://en.wikipedia.org/wiki/Pennisetum_alopecuroides
Dwarf Fountain Grass,بونا فوارہ گھاس,Border Plants,https://en.wikipedia.org/wiki/Pennisetum_alopecuroides
Blue Fescue Border,نیلی فیسکیو بارڈر,Border Plants,https://en.wikipedia.org/wiki/Festuca_glauca
Dwarf Blue Fescue,بونا نیلی فیسکیو,Border Plants,https://en.wikipedia.org/wiki/Festuca_glauca
Monkey Grass,بندر گھاس,Border Plants,https://en.wikipedia.org/wiki/Liriope_muscari
Dwarf Liriope,بونا لیریوپ,Border Plants,https://en.wikipedia.org/wiki/Liriope_spicata
Indian Hawthorn,ہندوستانی ہاتھورن,Border Plants,https://en.wikipedia.org/wiki/Rhaphiolepis_indica
Dwarf Indian Hawthorn,بونا ہندوستانی ہاتھورن,Border Plants,https://en.wikipedia.org/wiki/Rhaphiolepis_indica
Carissa,کیرسا,Border Plants,https://en.wikipedia.org/wiki/Carissa_macrocarpa
Natal Plum,نیٹل آلوچہ,Border Plants,https://en.wikipedia.org/wiki/Carissa_macrocarpa
Dwarf Carissa,بونا کیرسا,Border Plants,https://en.wikipedia.org/wiki/Carissa_macrocarpa
Murraya,موریا,Border Plants,https://en.wikipedia.org/wiki/Murraya_paniculata
Orange Jasmine,سنترہ چمبیلی,Border Plants,https://en.wikipedia.org/wiki/Murraya_paniculata
Dwarf Murraya,بونا موریا,Border Plants,https://en.wikipedia.org/wiki/Murraya_paniculata
Pine,چلغوزہ,Evergreen,https://en.wikipedia.org/wiki/Pine
Deodar Cedar,دیودار,Evergreen,https://en.wikipedia.org/wiki/Cedrus_deodara
Blue Pine,نیلا چلغوزہ,Evergreen,https://en.wikipedia.org/wiki/Pinus_wallichiana
Chir Pine,چر پائن,Evergreen,https://en.wikipedia.org/wiki/Pinus_roxburghii
Himalayan Spruce,ہمالیائی سپروس,Evergreen,https://en.wikipedia.org/wiki/Picea_smithiana
Silver Fir,چاندی کا فر,Evergreen,https://en.wikipedia.org/wiki/Abies_pindrow
Cypress,سرو,Evergreen,https://en.wikipedia.org/wiki/Cupressus
Italian Cypress,اطالوی سرو,Evergreen,https://en.wikipedia.org/wiki/Cupressus_sempervirens
Monterey Cypress,مونٹیری سرو,Evergreen,https://en.wikipedia.org/wiki/Cupressus_macrocarpa
Juniper Evergreen,جونیپر سدا بہار,Evergreen,https://en.wikipedia.org/wiki/Juniperus
Chinese Juniper,چینی جونیپر,Evergreen,https://en.wikipedia.org/wiki/Juniperus_chinensis
Holly,ہولی,Evergreen,https://en.wikipedia.org/wiki/Ilex
American Holly,امریکی ہولی,Evergreen,https://en.wikipedia.org/wiki/Ilex_opaca
Yaupon Holly,یاپون ہولی,Evergreen,https://en.wikipedia.org/wiki/Ilex_vomitoria
Magnolia Grandiflora,بڑا میگنولیا,Evergreen,https://en.wikipedia.org/wiki/Magnolia_grandiflora
Southern Magnolia,جنوبی میگنولیا,Evergreen,https://en.wikipedia.org/wiki/Magnolia_grandiflora
Bay Laurel,خلیج لورل,Evergreen,https://en.wikipedia.org/wiki/Laurus_nobilis
Sweet Bay,میٹھی خلیج,Evergreen,https://en.wikipedia.org/wiki/Laurus_nobilis
Camellia,کیمیلیا,Evergreen,https://en.wikipedia.org/wiki/Camellia
Japanese Camellia,جاپانی کیمیلیا,Evergreen,https://en.wikipedia.org/wiki/Camellia_japonica
Sasanqua Camellia,ساسنکوا کیمیلیا,Evergreen,https://en.wikipedia.org/wiki/Camellia_sasanqua
Rhododendron,رہوڈوڈینڈرون,Evergreen,https://en.wikipedia.org/wiki/Rhododendron
Azalea,ازیلیا,Evergreen,https://en.wikipedia.org/wiki/Rhododendron
Indian Rhododendron,ہندوستانی رہوڈوڈینڈرون,Evergreen,https://en.wikipedia.org/wiki/Rhododendron_arboreum
Arborvitae,آربورویٹی,Evergreen,https://en.wikipedia.org/wiki/Thuja
Eastern Arborvitae,مشرقی آربورویٹی,Evergreen,https://en.wikipedia.org/wiki/Thuja_occidentalis
Emerald Arborvitae,زمرد آربورویٹی,Evergreen,https://en.wikipedia.org/wiki/Thuja_occidentalis
Leyland Cypress,لی لینڈ سرو,Evergreen,https://en.wikipedia.org/wiki/Cupressocyparis_leylandii
False Cypress,جھوٹا سرو,Evergreen,https://en.wikipedia.org/wiki/Chamaecyparis
Yew Evergreen,یو سدا بہار,Evergreen,https://en.wikipedia.org/wiki/Taxus_baccata
Podocarpus,پوڈوکارپس,Evergreen,https://en.wikipedia.org/wiki/Podocarpus
Japanese Yew,جاپانی یو,Evergreen,https://en.wikipedia.org/wiki/Taxus_cuspidata
Indian Laurel,ہندوستانی لورل,Evergreen,https://en.wikipedia.org/wiki/Ficus_nitida
Ficus Nitida Evergreen,فیکس نائٹڈا سدا بہار,Evergreen,https://en.wikipedia.org/wiki/Ficus_nitida
Eucalyptus,یوکلیپٹس,Evergreen,https://en.wikipedia.org/wiki/Eucalyptus
Blue Gum,نیلا گم,Evergreen,https://en.wikipedia.org/wiki/Eucalyptus_globulus
River Red Gum,دریا سرخ گم,Evergreen,https://en.wikipedia.org/wiki/Eucalyptus_camaldulensis
Oleander Evergreen,کنیر سدا بہار,Evergreen,https://en.wikipedia.org/wiki/Nerium_oleander
Carissa Evergreen,کیرسا سدا بہار,Evergreen,https://en.wikipedia.org/wiki/Carissa_macrocarpa
Pittosporum,پٹوسپورم,Evergreen,https://en.wikipedia.org/wiki/Pittosporum
Japanese Pittosporum,جاپانی پٹوسپورم,Evergreen,https://en.wikipedia.org/wiki/Pittosporum_tobira
Variegated Pittosporum,رنگ برنگا پٹوسپورم,Evergreen,https://en.wikipedia.org/wiki/Pittosporum_tobira
Privet,پرائیویٹ,Evergreen,https://en.wikipedia.org/wiki/Ligustrum
Japanese Privet,جاپانی پرائیویٹ,Evergreen,https://en.wikipedia.org/wiki/Ligustrum_japonicum
Wax Leaf Privet,موم پتہ پرائیویٹ,Evergreen,https://en.wikipedia.org/wiki/Ligustrum_japonicum
Indian Privet,ہندوستانی پرائیویٹ,Evergreen,https://en.wikipedia.org/wiki/Ligustrum_robustum
Euonymus,یونومس,Evergreen,https://en.wikipedia.org/wiki/Euonymus
Japanese Euonymus,جاپانی یونومس,Evergreen,https://en.wikipedia.org/wiki/Euonymus_japonicus
Golden Euonymus,سنہری یونومس,Evergreen,https://en.wikipedia.org/wiki/Euonymus_japonicus
Gardenia Evergreen,گینڈھا سدا بہار,Evergreen,https://en.wikipedia.org/wiki/Gardenia_jasminoides
Tea Olive,چائے زیتون,Evergreen,https://en.wikipedia.org/wiki/Osmanthus_fragrans
Sweet Olive,میٹھا زیتون,Evergreen,https://en.wikipedia.org/wiki/Osmanthus_fragrans
Neem,نیم,Shading Tree,https://en.wikipedia.org/wiki/Azadirachta_indica
Moringa,سہانجنا,Shading Tree,https://en.wikipedia.org/wiki/Moringa_oleifera
Banyan Shade,سایہ برگد,Shading Tree,https://en.wikipedia.org/wiki/Banyan
Peepal Shade,سایہ پیپل,Shading Tree,https://en.wikipedia.org/wiki/Ficus_religiosa
Alstonia,چتوان,Shading Tree,https://en.wikipedia.org/wiki/Alstonia_scholaris
Devil Tree,شیطان درخت,Shading Tree,https://en.wikipedia.org/wiki/Alstonia_scholaris
Indian Beech,ہندوستانی موم کی مکھی,Shading Tree,https://en.wikipedia.org/wiki/Pongamia_pinnata
Karanj,کرنج,Shading Tree,https://en.wikipedia.org/wiki/Pongamia_pinnata
Rain Tree Shade,سایہ بارش درخت,Shading Tree,https://en.wikipedia.org/wiki/Samanea_saman
Gulmohar Shade,سایہ گل موہر,Shading Tree,https://en.wikipedia.org/wiki/Delonix_regia
Mango Tree Shade,سایہ آم,Shading Tree,https://en.wikipedia.org/wiki/Mango
Jamun Shade,سایہ جامن,Shading Tree,https://en.wikipedia.org/wiki/Syzygium_cumini
Tamarind Shade,سایہ املی,Shading Tree,https://en.wikipedia.org/wiki/Tamarind
Banyan Shading,برگد سایہ,Shading Tree,https://en.wikipedia.org/wiki/Banyan
Oak,بلوط,Shading Tree,https://en.wikipedia.org/wiki/Oak
Simal,سمل,Shading Tree,https://en.wikipedia.org/wiki/Bombax_ceiba
Red Silk Cotton,سرخ ریشمی روئی,Shading Tree,https://en.wikipedia.org/wiki/Bombax_ceiba
Semal,سیمل,Shading Tree,https://en.wikipedia.org/wiki/Bombax_ceiba
Arjun,ارجن,Shading Tree,https://en.wikipedia.org/wiki/Terminalia_arjuna
Bahera,بہیڑا,Shading Tree,https://en.wikipedia.org/wiki/Terminalia_bellerica
Harar,ہڑ,Shading Tree,https://en.wikipedia.org/wiki/Terminalia_chebula
Sal,سال,Shading Tree,https://en.wikipedia.org/wiki/Shorea_robusta
Teak,ساگوان,Shading Tree,https://en.wikipedia.org/wiki/Tectona_grandis
Sissoo,شیشم,Shading Tree,https://en.wikipedia.org/wiki/Dalbergia_sissoo
Indian Rosewood,ہندوستانی گلاب لکڑی,Shading Tree,https://en.wikipedia.org/wiki/Dalbergia_sissoo
Mulberry Shade,سایہ شہتوت,Shading Tree,https://en.wikipedia.org/wiki/Mulberry
Black Mulberry,کالا شہتوت,Shading Tree,https://en.wikipedia.org/wiki/Morus_nigra
White Mulberry,سفید شہتوت,Shading Tree,https://en.wikipedia.org/wiki/Morus_alba
Paper Mulberry,کاغذ شہتوت,Shading Tree,https://en.wikipedia.org/wiki/Broussonetia_papyrifera
Willow,بید,Shading Tree,https://en.wikipedia.org/wiki/Willow
Weeping Willow,رونے والی بید,Shading Tree,https://en.wikipedia.org/wiki/Salix_babylonica
Poplar,پاپلر,Shading Tree,https://en.wikipedia.org/wiki/Populus
Silver Poplar,چاندی پاپلر,Shading Tree,https://en.wikipedia.org/wiki/Populus_alba
Eucalyptus Shade,سایہ یوکلیپٹس,Shading Tree,https://en.wikipedia.org/wiki/Eucalyptus
Deodar Shade,سایہ دیودار,Shading Tree,https://en.wikipedia.org/wiki/Cedrus_deodara
Cedar Shade,سایہ دیار,Shading Tree,https://en.wikipedia.org/wiki/Cedrus_deodara
Mahogany,مہاگنی,Shading Tree,https://en.wikipedia.org/wiki/Swietenia_mahagoni
Indian Mahogany,ہندوستانی مہاگنی,Shading Tree,https://en.wikipedia.org/wiki/Swietenia_mahagoni
Silver Oak,چاندی بلوط,Shading Tree,https://en.wikipedia.org/wiki/Grevillea_robusta
Grevillea,گریویلیا,Shading Tree,https://en.wikipedia.org/wiki/Grevillea_robusta
Copperpod Shade,سایہ تانبے کا پھل,Shading Tree,https://en.wikipedia.org/wiki/Peltophorum_pterocarpum
Indian Laburnum Shade,سایہ ہندوستانی لیبرنم,Shading Tree,https://en.wikipedia.org/wiki/Cassia_fistula
Bougainvillea Hedge,بوگن ویلیا ہیج,Outdoor Hedge,https://en.wikipedia.org/wiki/Bougainvillea
Duranta,ڈورانٹا,Outdoor Hedge,https://en.wikipedia.org/wiki/Duranta_erecta
Golden Dewdrop,سنہری شبنم,Outdoor Hedge,https://en.wikipedia.org/wiki/Duranta_erecta
Murraya Hedge,موریا ہیج,Outdoor Hedge,https://en.wikipedia.org/wiki/Murraya_paniculata
Orange Jasmine Hedge,سنترہ چمبیلی ہیج,Outdoor Hedge,https://en.wikipedia.org/wiki/Murraya_paniculata
Carissa Hedge,کیرسا ہیج,Outdoor Hedge,https://en.wikipedia.org/wiki/Carissa_macrocarpa
Boxwood Hedge,باکس وڈ ہیج,Outdoor Hedge,https://en.wikipedia.org/wiki/Buxus
Japanese Boxwood,جاپانی باکس وڈ,Outdoor Hedge,https://en.wikipedia.org/wiki/Buxus_microphylla
Privet Hedge,پرائیویٹ ہیج,Outdoor Hedge,https://en.wikipedia.org/wiki/Ligustrum
Chinese Privet,چینی پرائیویٹ,Outdoor Hedge,https://en.wikipedia.org/wiki/Ligustrum_sinense
Wax Leaf Hedge,موم پتہ ہیج,Outdoor Hedge,https://en.wikipedia.org/wiki/Ligustrum_japonicum
Ficus Hedge,فیکس ہیج,Outdoor Hedge,https://en.wikipedia.org/wiki/Ficus_nitida
Ficus Nitida Hedge,فیکس نائٹڈا ہیج,Outdoor Hedge,https://en.wikipedia.org/wiki/Ficus_nitida
Pittosporum Hedge,پٹوسپورم ہیج,Outdoor Hedge,https://en.wikipedia.org/wiki/Pittosporum_tobira
Tecoma Hedge,ٹیکوما ہیج,Outdoor Hedge,https://en.wikipedia.org/wiki/Tecoma_stans
Lantana Hedge,لانٹانا ہیج,Outdoor Hedge,https://en.wikipedia.org/wiki/Lantana_camara
Ixora Hedge,رکٹا ہیج,Outdoor Hedge,https://en.wikipedia.org/wiki/Ixora
Jasmine Hedge,چمبیلی ہیج,Outdoor Hedge,https://en.wikipedia.org/wiki/Jasmine
Arabian Jasmine,عربی چمبیلی,Outdoor Hedge,https://en.wikipedia.org/wiki/Jasminum_sambac
Star Jasmine,ستارہ چمبیلی,Outdoor Hedge,https://en.wikipedia.org/wiki/Trachelospermum_jasminoides
Confederate Jasmine,کنفیڈریٹ چمبیلی,Outdoor Hedge,https://en.wikipedia.org/wiki/Trachelospermum_jasminoides
Hibiscus Hedge,گڑھل ہیج,Outdoor Hedge,https://en.wikipedia.org/wiki/Hibiscus
Chinese Hibiscus,چینی گڑھل,Outdoor Hedge,https://en.wikipedia.org/wiki/Hibiscus_rosa-sinensis
Barberry Hedge,باربیری ہیج,Outdoor Hedge,https://en.wikipedia.org/wiki/Berberis_thunbergii
Firethorn,آگ کانٹا,Outdoor Hedge,https://en.wikipedia.org/wiki/Pyracantha
Pyracantha,پائیراکانتھا,Outdoor Hedge,https://en.wikipedia.org/wiki/Pyracantha
Oleander Hedge,کنیر ہیج,Outdoor Hedge,https://en.wikipedia.org/wiki/Nerium_oleander
Nerium Hedge,نیریئم ہیج,Outdoor Hedge,https://en.wikipedia.org/wiki/Nerium_oleander
Euonymus Hedge,یونومس ہیج,Outdoor Hedge,https://en.wikipedia.org/wiki/Euonymus_japonicus
Viburnum Hedge,وائبرنم ہیج,Outdoor Hedge,https://en.wikipedia.org/wiki/Viburnum_odoratissimum
Sweet Viburnum,میٹھا وائبرنم,Outdoor Hedge,https://en.wikipedia.org/wiki/Viburnum_odoratissimum
Ligustrum Hedge,لگسٹرم ہیج,Outdoor Hedge,https://en.wikipedia.org/wiki/Ligustrum_lucidum
Glossy Privet,چمکدار پرائیویٹ,Outdoor Hedge,https://en.wikipedia.org/wiki/Ligustrum_lucidum
Croton,کروٹن,Decorative,https://en.wikipedia.org/wiki/Codiaeum_variegatum
Croton Petra,کروٹن پیٹرا,Decorative,https://en.wikipedia.org/wiki/Codiaeum_variegatum
Dracaena,ڈریسینا,Decorative,https://en.wikipedia.org/wiki/Dracaena
Dracaena Marginata,ڈریسینا مارجنٹا,Decorative,https://en.wikipedia.org/wiki/Dracaena_marginata
Dracaena Fragrans,خوشبودار ڈریسینا,Decorative,https://en.wikipedia.org/wiki/Dracaena_fragrans
Aglaonema,ایگلونیمہ,Decorative,https://en.wikipedia.org/wiki/Aglaonema
Chinese Evergreen,چینی سدا بہار,Decorative,https://en.wikipedia.org/wiki/Aglaonema
Dieffenbachia,ڈیفن باخیا,Decorative,https://en.wikipedia.org/wiki/Dieffenbachia
Dumb Cane,گونگا گنے,Decorative,https://en.wikipedia.org/wiki/Dieffenbachia
Philodendron,فلوڈینڈرون,Decorative,https://en.wikipedia.org/wiki/Philodendron
Monstera,مونسٹیرا,Decorative,https://en.wikipedia.org/wiki/Monstera_deliciosa
Swiss Cheese Plant,سوئس پنیر پودا,Decorative,https://en.wikipedia.org/wiki/Monstera_deliciosa
Peace Lily,امن للی,Decorative,https://en.wikipedia.org/wiki/Spathiphyllum
Spathiphyllum,سپیتھیفلّم,Decorative,https://en.wikipedia.org/wiki/Spathiphyllum
ZZ Plant,زیڈ زیڈ پودا,Decorative,https://en.wikipedia.org/wiki/Zamioculcas
Zamioculcas,زامیوکولکس,Decorative,https://en.wikipedia.org/wiki/Zamioculcas_zamiifolia
Snake Plant,سانپ پودا,Decorative,https://en.wikipedia.org/wiki/Dracaena_trifasciata
Sansevieria,سانسیویریا,Decorative,https://en.wikipedia.org/wiki/Dracaena_trifasciata
Pothos,پوتھوس,Decorative,https://en.wikipedia.org/wiki/Epipremnum_aureum
Golden Pothos,سنہری پوتھوس,Decorative,https://en.wikipedia.org/wiki/Epipremnum_aureum
Arrowhead Plant,تیر سر پودا,Decorative,https://en.wikipedia.org/wiki/Syngonium_podophyllum
Syngonium,سنگونیم,Decorative,https://en.wikipedia.org/wiki/Syngonium_podophyllum
Calathea,کالیتھیا,Decorative,https://en.wikipedia.org/wiki/Calathea
Prayer Plant,دعا پودا,Decorative,https://en.wikipedia.org/wiki/Maranta_leuconeura
Maranta,مرانٹا,Decorative,https://en.wikipedia.org/wiki/Maranta_leuconeura
Bromeliad,برومیلیڈ,Decorative,https://en.wikipedia.org/wiki/Bromeliaceae
Anthurium,انتھوریئم,Decorative,https://en.wikipedia.org/wiki/Anthurium
Flamingo Flower,فلیمنگو پھول,Decorative,https://en.wikipedia.org/wiki/Anthurium
Bird of Paradise,جنت کا پرندہ,Decorative,https://en.wikipedia.org/wiki/Strelitzia_nicolai
Strelitzia,سٹریلیٹزیا,Decorative,https://en.wikipedia.org/wiki/Strelitzia
Cordyline,کورڈی لائن,Decorative,https://en.wikipedia.org/wiki/Cordyline_fruticosa
Ti Plant,ٹی پودا,Decorative,https://en.wikipedia.org/wiki/Cordyline_fruticosa
Coleus Decorative,کولیس سجاوٹی,Decorative,https://en.wikipedia.org/wiki/Plectranthus_scutellarioides
Begonia,بیگونیا,Decorative,https://en.wikipedia.org/wiki/Begonia
Rex Begonia,ریکس بیگونیا,Decorative,https://en.wikipedia.org/wiki/Begonia_rex
Coleus Rainbow,کولیس قوس قزح,Decorative,https://en.wikipedia.org/wiki/Plectranthus_scutellarioides
Alocasia,الوکیشیا,Decorative,https://en.wikipedia.org/wiki/Alocasia
Elephant Ear,ہاتھی کان,Decorative,https://en.wikipedia.org/wiki/Alocasia
Caladium Decorative,کالڈیم سجاوٹی,Decorative,https://en.wikipedia.org/wiki/Caladium
Fittonia,فٹونیا,Decorative,https://en.wikipedia.org/wiki/Fittonia
Nerve Plant,عصب پودا,Decorative,https://en.wikipedia.org/wiki/Fittonia
Peperomia,پیپرومیا,Decorative,https://en.wikipedia.org/wiki/Peperomia
Rubber Plant Decorative,ربڑ پودا سجاوٹی,Decorative,https://en.wikipedia.org/wiki/Ficus_elastica
Ficus Decora,فیکس ڈیکورا,Decorative,https://en.wikipedia.org/wiki/Ficus_elastica
Schefflera,شیفلیرا,Decorative,https://en.wikipedia.org/wiki/Schefflera
Umbrella Plant,چھتری پودا,Decorative,https://en.wikipedia.org/wiki/Schefflera_actinophylla
Areca Palm Decorative,اریکا پام سجاوٹی,Decorative,https://en.wikipedia.org/wiki/Dypsis_lutescens
Kentia Palm Decorative,کینٹیا پام سجاوٹی,Decorative,https://en.wikipedia.org/wiki/Howea_forsteriana
Lucky Bamboo,خوش قسمت بانس,Decorative,https://en.wikipedia.org/wiki/Dracaena_sanderiana
Dracaena Sanderiana,ڈریسینا سینڈریانا,Decorative,https://en.wikipedia.org/wiki/Dracaena_sanderiana
Asparagus Fern,اسپیرگس فرن,Decorative,https://en.wikipedia.org/wiki/Asparagus_setaceus
Boston Fern,بوسٹن فرن,Decorative,https://en.wikipedia.org/wiki/Nephrolepis_exaltata
Maidenhair Fern,کنواری بال فرن,Decorative,https://en.wikipedia.org/wiki/Adiantum
Bird's Nest Fern,پرندے گھونسلہ فرن,Decorative,https://en.wikipedia.org/wiki/Asplenium_nidus
Fern Decorative,فرن سجاوٹی,Decorative,https://en.wikipedia.org/wiki/Fern
Cactus,کیکٹس,Decorative,https://en.wikipedia.org/wiki/Cactus
Succulent,رس دار پودا,Decorative,https://en.wikipedia.org/wiki/Succulent_plant
Aloe Vera,ایلو ویرا,Decorative,https://en.wikipedia.org/wiki/Aloe_vera
Jade Plant,جیڈ پودا,Decorative,https://en.wikipedia.org/wiki/Crassula_ovata
Echeveria,ایچوریا,Decorative,https://en.wikipedia.org/wiki/Echeveria
Kalanchoe,کالانچوے,Decorative,https://en.wikipedia.org/wiki/Kalanchoe
Christmas Cactus,کرسمس کیکٹس,Decorative,https://en.wikipedia.org/wiki/Schlumbergera
Orchid,آرکڈ,Decorative,https://en.wikipedia.org/wiki/Orchid
Phalaenopsis,فیلیناپسس,Decorative,https://en.wikipedia.org/wiki/Phalaenopsis
Dendrobium,ڈینڈروبیئم,Decorative,https://en.wikipedia.org/wiki/Dendrobium
Cattleya,کیٹلیا,Decorative,https://en.wikipedia.org/wiki/Cattleya
Rose,گلاب,Decorative,https://en.wikipedia.org/wiki/Rose
Hybrid Tea Rose,ہائبرڈ ٹی گلاب,Decorative,https://en.wikipedia.org/wiki/Rose
Floribunda Rose,فلوریبنڈا گلاب,Decorative,https://en.wikipedia.org/wiki/Rose
Gerbera,گربرا,Decorative,https://en.wikipedia.org/wiki/Gerbera
Dahlia,ڈہلیا,Decorative,https://en.wikipedia.org/wiki/Dahlia
Chrysanthemum,گل داؤدی,Decorative,https://en.wikipedia.org/wiki/Chrysanthemum
Lotus,کنول,Decorative,https://en.wikipedia.org/wiki/Nelumbo_nucifera
Water Lily,آبی للی,Decorative,https://en.wikipedia.org/wiki/Nymphaeaceae
Canna Lily,کینا للی,Decorative,https://en.wikipedia.org/wiki/Canna_(plant)
Gladiolus,گیلڈیولس,Decorative,https://en.wikipedia.org/wiki/Gladiolus
Lilium,للیم,Decorative,https://en.wikipedia.org/wiki/Lilium
Tulip,ٹیولپ,Decorative,https://en.wikipedia.org/wiki/Tulip
Daffodil,ڈیفوڈل,Decorative,https://en.wikipedia.org/wiki/Narcissus_(plant)
Sunflower,سورج مکھی,Decorative,https://en.wikipedia.org/wiki/Helianthus
Cosmos,کاسموس,Decorative,https://en.wikipedia.org/wiki/Cosmos_(plant)
Pansy,پینسی,Decorative,https://en.wikipedia.org/wiki/Viola_(plant)
Vinca Rosea,ونکا روزیا,Decorative,https://en.wikipedia.org/wiki/Catharanthus_roseus
Cockscomb,مرغ کی چوٹی,Decorative,https://en.wikipedia.org/wiki/Celosia_cristata
Celosia,سیلوسیا,Decorative,https://en.wikipedia.org/wiki/Celosia
Bougainvillea Glabra,بوگن ویلیا گلابرا,Decorative,https://en.wikipedia.org/wiki/Bougainvillea_glabra
Bougainvillea Spectabilis,بوگن ویلیا سپیکٹابیلس,Decorative,https://en.wikipedia.org/wiki/Bougainvillea_spectabilis
Plumeria Rubra,پلومیریا ربرا,Decorative,https://en.wikipedia.org/wiki/Plumeria_rubra
Plumeria Alba,پلومیریا البا,Decorative,https://en.wikipedia.org/wiki/Plumeria_alba
Hibiscus Rosa-Sinensis,ہبسکس روزا سائننسس,Decorative,https://en.wikipedia.org/wiki/Hibiscus_rosa-sinensis
Hibiscus Syriacus,ہبسکس سائریاکس,Decorative,https://en.wikipedia.org/wiki/Hibiscus_syriacus
Jasmine Grandiflorum,چمبیلی گرینڈیفلورم,Decorative,https://en.wikipedia.org/wiki/Jasminum_grandiflorum
Jasmine Officinale,چمبیلی آفیشینل,Decorative,https://en.wikipedia.org/wiki/Jasminum_officinale
Night Blooming Jasmine,رات کھلنے والی چمبیلی,Decorative,https://en.wikipedia.org/wiki/Cestrum_nocturnum
Cestrum Nocturnum,سیسٹرم نوکٹرنم,Decorative,https://en.wikipedia.org/wiki/Cestrum_nocturnum
Ruellia,رویلیا,Decorative,https://en.wikipedia.org/wiki/Ruellia
Mexican Petunia,میکسیکن پیٹونیا,Decorative,https://en.wikipedia.org/wiki/Ruellia_simplex
Pentas,پینٹاس,Decorative,https://en.wikipedia.org/wiki/Pentas_lanceolata
Egyptian Star,مصری ستارہ,Decorative,https://en.wikipedia.org/wiki/Pentas_lanceolata
Salvia,سالویا,Decorative,https://en.wikipedia.org/wiki/Salvia
Scarlet Sage,سرخ سیج,Decorative,https://en.wikipedia.org/wiki/Salvia_splendens
Coleus Blumei,کولیس بلومی,Decorative,https://en.wikipedia.org/wiki/Plectranthus_scutellarioides
Alternanthera Bettzickiana,الٹرنانتھیرا بیٹزکیانا,Decorative,https://en.wikipedia.org/wiki/Alternanthera_bettzickiana
Iresine,آئیرسین,Decorative,https://en.wikipedia.org/wiki/Iresine
Bloodleaf,خون پتہ,Decorative,https://en.wikipedia.org/wiki/Iresine_herbstii
Canna Indica,کینا انڈیکا,Decorative,https://en.wikipedia.org/wiki/Canna_indica
Indian Shot,ہندوستانی شاٹ,Decorative,https://en.wikipedia.org/wiki/Canna_indica
Amaranthus,امارنتھس,Decorative,https://en.wikipedia.org/wiki/Amaranthus
Love Lies Bleeding,محبت جھوٹ خون,Decorative,https://en.wikipedia.org/wiki/Amaranthus_caudatus
Coleus Canina,کولیس کینینا,Decorative,https://en.wikipedia.org/wiki/Plectranthus_caninus
Croton Mammy,کروٹن میمی,Decorative,https://en.wikipedia.org/wiki/Codiaeum_variegatum
Croton Gold Dust,کروٹن گولڈ ڈسٹ,Decorative,https://en.wikipedia.org/wiki/Codiaeum_variegatum
Dracaena Compacta,ڈریسینا کمپیکٹا,Decorative,https://en.wikipedia.org/wiki/Dracaena_deremensis
Aglaonema Silver Bay,ایگلونیمہ سلور بے,Decorative,https://en.wikipedia.org/wiki/Aglaonema
Aglaonema Red Valentine,ایگلونیمہ ریڈ ویلنٹائن,Decorative,https://en.wikipedia.org/wiki/Aglaonema
Calathea Medallion,کالیتھیا میڈیلین,Decorative,https://en.wikipedia.org/wiki/Calathea_roseopicta
Calathea Zebrina,کالیتھیا زیبرینا,Decorative,https://en.wikipedia.org/wiki/Calathea_zebrina
Calathea Lancifolia,کالیتھیا لانسیفولیا,Decorative,https://en.wikipedia.org/wiki/Calathea_lancifolia
Philodendron Brasil,فلوڈینڈرون برازیل,Decorative,https://en.wikipedia.org/wiki/Philodendron_hederaceum
Philodendron Micans,فلوڈینڈرون مائیکنس,Decorative,https://en.wikipedia.org/wiki/Philodendron_hederaceum
Pothos Marble Queen,پوتھوس ماربل کوئین,Decorative,https://en.wikipedia.org/wiki/Epipremnum_aureum
Pothos Neon,پوتھوس نیون,Decorative,https://en.wikipedia.org/wiki/Epipremnum_aureum
Syngonium Pink,سنگونیم پنک,Decorative,https://en.wikipedia.org/wiki/Syngonium_podophyllum
Syngonium White,سنگونیم وائٹ,Decorative,https://en.wikipedia.org/wiki/Syngonium_podophyllum
Ficus Lyrata Bambino,فیکس لائریٹا بمبینو,Decorative,https://en.wikipedia.org/wiki/Ficus_lyrata
Rubber Plant Burgundy,ربڑ پودا برگنڈی,Decorative,https://en.wikipedia.org/wiki/Ficus_elastica
Ficus Tineke,فیکس ٹینیکے,Decorative,https://en.wikipedia.org/wiki/Ficus_elastica
Areca Palm Golden,اریکا پام گولڈن,Decorative,https://en.wikipedia.org/wiki/Dypsis_lutescens
Majesty Palm,ماجسٹی پام,Decorative,https://en.wikipedia.org/wiki/Ravenea_rivularis
Cat Palm,بلی پام,Decorative,https://en.wikipedia.org/wiki/Chamaedorea_cataractarum
Parlor Palm,پارلر پام,Decorative,https://en.wikipedia.org/wiki/Chamaedorea_elegans
Ponytail Palm,پونی ٹیل پام,Decorative,https://en.wikipedia.org/wiki/Beaucarnea_recurvata
Yucca,یوکا,Decorative,https://en.wikipedia.org/wiki/Yucca
Spanish Dagger,ہسپانوی خنجر,Decorative,https://en.wikipedia.org/wiki/Yucca_gloriosa
Ti Plant Red,ٹی پودا سرخ,Decorative,https://en.wikipedia.org/wiki/Cordyline_fruticosa
Ti Plant Green,ٹی پودا سبز,Decorative,https://en.wikipedia.org/wiki/Cordyline_fruticosa
Bromeliad Guzmania,برومیلیڈ گزمانیا,Decorative,https://en.wikipedia.org/wiki/Guzmania
Bromeliad Aechmea,برومیلیڈ ایکیہ میا,Decorative,https://en.wikipedia.org/wiki/Aechmea
Anthurium Red,انتھوریئم سرخ,Decorative,https://en.wikipedia.org/wiki/Anthurium
Anthurium Pink,انتھوریئم پنک,Decorative,https://en.wikipedia.org/wiki/Anthurium
Cycas Palm,سائیکس پام,Decorative,https://en.wikipedia.org/wiki/Cycas_revoluta
Sago Palm Decorative,ساگو پام سجاوٹی,Decorative,https://en.wikipedia.org/wiki/Cycas_revoluta
Fern Kimberly,فرن کمبرلی,Decorative,https://en.wikipedia.org/wiki/Nephrolepis_obliterata
Fern Blue Star,فرن بلیو اسٹار,Decorative,https://en.wikipedia.org/wiki/Phlebodium_aureum
Staghorn Fern,ہرن سینگ فرن,Decorative,https://en.wikipedia.org/wiki/Platycerium
Bamboo Palm,بانس پام,Decorative,https://en.wikipedia.org/wiki/Chamaedorea_seifrizii
Rhapis Palm,راپس پام,Decorative,https://en.wikipedia.org/wiki/Rhapis_excelsa
Windmill Palm,ونڈمل پام,Decorative,https://en.wikipedia.org/wiki/Trachycarpus_fortunei
European Fan Palm,یورپی پنکھا پام,Decorative,https://en.wikipedia.org/wiki/Chamaerops_humilis
Needle Palm,سوئی پام,Decorative,https://en.wikipedia.org/wiki/Rhapidophyllum_hystrix
Cardboard Palm,کارڈ بورڈ پام,Decorative,https://en.wikipedia.org/wiki/Zamia_furfuracea
Coontie Palm,کونٹی پام,Decorative,https://en.wikipedia.org/wiki/Zamia_pumila
Cast Iron Plant,کاسٹ آئرن پودا,Decorative,https://en.wikipedia.org/wiki/Aspidistra_elatior
Aspidistra,اسپائیڈسٹرا,Decorative,https://en.wikipedia.org/wiki/Aspidistra_elatior
Chinese Evergreen Silver,چینی سدا بہار چاندی,Decorative,https://en.wikipedia.org/wiki/Aglaonema_commutatum
Chinese Evergreen Red,چینی سدا بہار سرخ,Decorative,https://en.wikipedia.org/wiki/Aglaonema
Dumb Cane Tropic,گونگا گنے ٹراپک,Decorative,https://en.wikipedia.org/wiki/Dieffenbachia_seguine
Dumb Cane Camille,گونگا گنے کییمل,Decorative,https://en.wikipedia.org/wiki/Dieffenbachia
Peace Lily Sensation,امن للی سنسیشن,Decorative,https://en.wikipedia.org/wiki/Spathiphyllum
Peace Lily Domino,امن للی ڈومینو,Decorative,https://en.wikipedia.org/wiki/Spathiphyllum
Snake Plant Laurentii,سانپ پودا لورینٹی,Decorative,https://en.wikipedia.org/wiki/Dracaena_trifasciata
Snake Plant Hahnii,سانپ پودا ہاہنی,Decorative,https://en.wikipedia.org/wiki/Dracaena_trifasciata
Jade Plant Mini,جیڈ پودا مینی,Decorative,https://en.wikipedia.org/wiki/Crassula_ovata
Aloe Vera Barbadensis,ایلو ویرا بارباڈینسس,Decorative,https://en.wikipedia.org/wiki/Aloe_vera
Kalanchoe Blossfeldiana,کالانچوے بلاوسفیلڈیانا,Decorative,https://en.wikipedia.org/wiki/Kalanchoe_blossfeldiana
Echeveria Elegans,ایچوریا ایلیگنس,Decorative,https://en.wikipedia.org/wiki/Echeveria_elegans
Haworthia,ہاورتھیا,Decorative,https://en.wikipedia.org/wiki/Haworthia
String of Pearls,موتیوں کی لڑی,Decorative,https://en.wikipedia.org/wiki/Curio_rowleyanus
String of Hearts,دلوں کی لڑی,Decorative,https://en.wikipedia.org/wiki/Ceropegia_woodii
Burro's Tail,گدھے کی دم,Decorative,https://en.wikipedia.org/wiki/Sedum_morganianum
Zebra Cactus,زیبرا کیکٹس,Decorative,https://en.wikipedia.org/wiki/Haworthiopsis_attenuata
Barrel Cactus,بیرل کیکٹس,Decorative,https://en.wikipedia.org/wiki/Echinocactus_grusonii
Prickly Pear,کانٹے دار ناشپاتی,Decorative,https://en.wikipedia.org/wiki/Opuntia
Christmas Cactus Thanksgiving,کرسمس کیکٹس تھینکس گیونگ,Decorative,https://en.wikipedia.org/wiki/Schlumbergera_truncata
Easter Cactus,ایسٹر کیکٹس,Decorative,https://en.wikipedia.org/wiki/Hatiora_gaertneri
Orchid Cattleya Hybrid,آرکڈ کیٹلیا ہائبرڈ,Decorative,https://en.wikipedia.org/wiki/Cattleya
Orchid Oncidium,آرکڈ اونسڈیم,Decorative,https://en.wikipedia.org/wiki/Oncidium
Orchid Cymbidium,آرکڈ سیمبیڈیم,Decorative,https://en.wikipedia.org/wiki/Cymbidium
Orchid Vanda,آرکڈ وانڈا,Decorative,https://en.wikipedia.org/wiki/Vanda
Rose Miniature,گلاب مینیٹیور,Decorative,https://en.wikipedia.org/wiki/Miniature_rose
Rose Climber,گلاب چڑھنے والا,Decorative,https://en.wikipedia.org/wiki/Climbing_rose
Rose Shrub,گلاب جھاڑی,Decorative,https://en.wikipedia.org/wiki/Shrub_rose
Lotus Pink,کنول گلابی,Decorative,https://en.wikipedia.org/wiki/Nelumbo_nucifera
Lotus White,کنول سفید,Decorative,https://en.wikipedia.org/wiki/Nelumbo_nucifera
Water Lily Pink,آبی للی گلابی,Decorative,https://en.wikipedia.org/wiki/Nymphaea
Water Lily White,آبی للی سفید,Decorative,https://en.wikipedia.org/wiki/Nymphaea
Canna Yellow,کینا پیلا,Decorative,https://en.wikipedia.org/wiki/Canna_(plant)
Canna Red,کینا سرخ,Decorative,https://en.wikipedia.org/wiki/Canna_(plant)
Gladiolus Mixed,گیلڈیولس مخلوط,Decorative,https://en.wikipedia.org/wiki/Gladiolus
Lily Oriental,للی اورینٹل,Decorative,https://en.wikipedia.org/wiki/Lilium_oriental
Lily Asiatic,للی ایشیائی,Decorative,https://en.wikipedia.org/wiki/Lilium_asiatic
Tulip Red,ٹیولپ سرخ,Decorative,https://en.wikipedia.org/wiki/Tulip
Tulip Yellow,ٹیولپ پیلا,Decorative,https://en.wikipedia.org/wiki/Tulip
Sunflower Giant,سورج مکھی بڑا,Decorative,https://en.wikipedia.org/wiki/Helianthus_annuus
Sunflower Dwarf,سورج مکھی بونا,Decorative,https://en.wikipedia.org/wiki/Helianthus_annuus
Cosmos Pink,کاسموس گلابی,Decorative,https://en.wikipedia.org/wiki/Cosmos_bipinnatus
Cosmos Orange,کاسموس اورنج,Decorative,https://en.wikipedia.org/wiki/Cosmos_sulphureus
Pansy Mixed,پینسی مخلوط,Decorative,https://en.wikipedia.org/wiki/Viola_wittrockiana
Viola,وایولا,Decorative,https://en.wikipedia.org/wiki/Viola_(plant)
Salvia Blue,سالویا نیلا,Decorative,https://en.wikipedia.org/wiki/Salvia_farinacea
Salvia Red,سالویا سرخ,Decorative,https://en.wikipedia.org/wiki/Salvia_splendens
Pentas Pink,پینٹاس گلابی,Decorative,https://en.wikipedia.org/wiki/Pentas_lanceolata
Pentas Red,پینٹاس سرخ,Decorative,https://en.wikipedia.org/wiki/Pentas_lanceolata
Ruellia Blue,رویلیا نیلا,Decorative,https://en.wikipedia.org/wiki/Ruellia_simplex
Ruellia Pink,رویلیا گلابی,Decorative,https://en.wikipedia.org/wiki/Ruellia_brittoniana
Lantana Yellow,لانٹانا پیلا,Decorative,https://en.wikipedia.org/wiki/Lantana_camara
Lantana Pink,لانٹانا گلابی,Decorative,https://en.wikipedia.org/wiki/Lantana_camara
Ixora Red,رکٹا سرخ,Decorative,https://en.wikipedia.org/wiki/Ixora_coccinea
Ixora Yellow,رکٹا پیلا,Decorative,https://en.wikipedia.org/wiki/Ixora_chinensis
Tecoma Yellow,ٹیکوما پیلا,Decorative,https://en.wikipedia.org/wiki/Tecoma_stans
Tecoma Orange,ٹیکوما اورنج,Decorative,https://en.wikipedia.org/wiki/Tecoma_stans
Allamanda Yellow,الامانڈا پیلا,Decorative,https://en.wikipedia.org/wiki/Allamanda_cathartica
Allamanda Purple,الامانڈا بنفشی,Decorative,https://en.wikipedia.org/wiki/Allamanda_blanchetii
Rangoon Creeper Red,رنگون بیل سرخ,Decorative,https://en.wikipedia.org/wiki/Combretum_indicum
Rangoon Creeper White,رنگون بیل سفید,Decorative,https://en.wikipedia.org/wiki/Combretum_indicum
Madhumalti Red,مدھوملتی سرخ,Decorative,https://en.wikipedia.org/wiki/Combretum_indicum
Madhumalti White,مدھوملتی سفید,Decorative,https://en.wikipedia.org/wiki/Combretum_indicum
Desert Rose Red,صحرائی گلاب سرخ,Decorative,https://en.wikipedia.org/wiki/Adenium_obesum
Desert Rose Pink,صحرائی گلاب گلابی,Decorative,https://en.wikipedia.org/wiki/Adenium_obesum
Crown of Thorns Red,کانٹوں کا تاج سرخ,Decorative,https://en.wikipedia.org/wiki/Euphorbia_milii
Crown of Thorns Yellow,کانٹوں کا تاج پیلا,Decorative,https://en.wikipedia.org/wiki/Euphorbia_milii
Oleander Pink,کنیر گلابی,Decorative,https://en.wikipedia.org/wiki/Nerium_oleander
Oleander White,کنیر سفید,Decorative,https://en.wikipedia.org/wiki/Nerium_oleander
Oleander Red,کنیر سرخ,Decorative,https://en.wikipedia.org/wiki/Nerium_oleander
Bougainvillea Purple,بوگن ویلیا بنفشی,Decorative,https://en.wikipedia.org/wiki/Bougainvillea
Bougainvillea Orange,بوگن ویلیا اورنج,Decorative,https://en.wikipedia.org/wiki/Bougainvillea
Bougainvillea White,بوگن ویلیا سفید,Decorative,https://en.wikipedia.org/wiki/Bougainvillea
Hibiscus Red,گڑھل سرخ,Decorative,https://en.wikipedia.org/wiki/Hibiscus_rosa-sinensis
Hibiscus Yellow,گڑھل پیلا,Decorative,https://en.wikipedia.org/wiki/Hibiscus_rosa-sinensis
Hibiscus Orange,گڑھل اورنج,Decorative,https://en.wikipedia.org/wiki/Hibiscus_rosa-sinensis
Jasmine White,چمبیلی سفید,Decorative,https://en.wikipedia.org/wiki/Jasminum_sambac
Jasmine Yellow,چمبیلی پیلا,Decorative,https://en.wikipedia.org/wiki/Jasminum_mesnyi
Gardenia White,گینڈھا سفید,Decorative,https://en.wikipedia.org/wiki/Gardenia_jasminoides
Champa Yellow,چمپا پیلا,Decorative,https://en.wikipedia.org/wiki/Magnolia_champaca
Champa White,چمپا سفید,Decorative,https://en.wikipedia.org/wiki/Magnolia_champaca
Plumeria White,پلومیریا سفید,Decorative,https://en.wikipedia.org/wiki/Plumeria_alba
Plumeria Pink,پلومیریا گلابی,Decorative,https://en.wikipedia.org/wiki/Plumeria_rubra
Plumeria Yellow,پلومیریا پیلا,Decorative,https://en.wikipedia.org/wiki/Plumeria_rubra
Gulmohar Red,گل موہر سرخ,Decorative,https://en.wikipedia.org/wiki/Delonix_regia
Amaltas Yellow,املتاس پیلا,Decorative,https://en.wikipedia.org/wiki/Cassia_fistula
Jacaranda Purple,جیکارنڈا بنفشی,Decorative,https://en.wikipedia.org/wiki/Jacaranda
Tabebuia Pink,ٹیبیوبیا گلابی,Decorative,https://en.wikipedia.org/wiki/Tabebuia_rosea
Tabebuia Yellow,ٹیبیوبیا پیلا,Decorative,https://en.wikipedia.org/wiki/Tabebuia_chrysotricha
Bottlebrush Red,بوتل برش سرخ,Decorative,https://en.wikipedia.org/wiki/Callistemon_citrinus
Bottlebrush White,بوتل برش سفید,Decorative,https://en.wikipedia.org/wiki/Callistemon_salignus
Kachnar White,کچنار سفید,Decorative,https://en.wikipedia.org/wiki/Bauhinia_variegata
Kachnar Pink,کچنار گلابی,Decorative,https://en.wikipedia.org/wiki/Bauhinia_variegata
Copper Pod Yellow,تانبے کا پھل پیلا,Decorative,https://en.wikipedia.org/wiki/Peltophorum_pterocarpum
African Tulip Orange,افریقی ٹیولپ اورنج,Decorative,https://en.wikipedia.org/wiki/Spathodea_campanulata
Cannonball Tree Pink,گولہ درخت گلابی,Decorative,https://en.wikipedia.org/wiki/Couroupita_guianensis
Flame of Forest Orange,جنگل کی آگ اورنج,Decorative,https://en.wikipedia.org/wiki/Butea_monosperma
Pride of India Purple,ہندوستان کا فخر بنفشی,Decorative,https://en.wikipedia.org/wiki/Lagerstroemia_speciosa
Queen Crape Pink,شاہی کریپ گلابی,Decorative,https://en.wikipedia.org/wiki/Lagerstroemia_speciosa
Chandni White,چاندنی سفید,Decorative,https://en.wikipedia.org/wiki/Tabernaemontana_divaricata
Golden Trumpet Vine,سنہری ترمپٹ بیل,Decorative,https://en.wikipedia.org/wiki/Allamanda_cathartica
